iso2	title	gbifRegion	occ_count	area_sqkm	occ_per_sqkm
VA	Holy See	EUROPE	4012	       0.01	328749.26
UM	United States Minor Outlying Islands	OCEANIA	370295	      28.00	 13222.67
GI	Gibraltar	EUROPE	45953	       3.69	 12445.39
BM	Bermuda	LATIN_AMERICA	686450	      62.30	 11018.08
PT	Portugal	EUROPE	19887240	    2767.06	  7187.13
GG	Guernsey	EUROPE	303177	      73.98	  4098.00
SG	Singapore	ASIA	1687809	     510.50	  3306.17
NL	Netherlands	EUROPE	121883001	   37397.73	  3259.10
AI	Anguilla	LATIN_AMERICA	234764	      80.67	  2910.04
IM	Isle of Man	EUROPE	1591876	     574.82	  2769.36
AS	American Samoa	OCEANIA	422825	     180.31	  2345.05
NF	Norfolk Island	OCEANIA	87644	      41.15	  2130.05
SX	Sint Maarten (Dutch part)	LATIN_AMERICA	43072	      23.36	  1843.95
HK	Hong Kong	ASIA	1822336	    1036.20	  1758.66
JE	Jersey	EUROPE	202513	     119.05	  1701.07
AW	Aruba	LATIN_AMERICA	283885	     169.77	  1672.21
MO	Macao	ASIA	43931	      30.08	  1460.63
DK	Denmark	EUROPE	58331611	   42696.43	  1366.19
VI	Virgin Islands (U.S.)	LATIN_AMERICA	473520	     354.75	  1334.80
LU	Luxembourg	EUROPE	3342179	    2608.47	  1281.28
BE	Belgium	EUROPE	39010227	   30669.83	  1271.94
MF	Saint Martin (French part)	LATIN_AMERICA	82351	      68.28	  1206.09
KY	Cayman Islands	LATIN_AMERICA	366806	     309.20	  1186.32
MH	Marshall Islands	OCEANIA	164084	     164.82	   995.52
MV	Maldives	ASIA	108045	     108.74	   993.59
BL	Saint Barthélemy	LATIN_AMERICA	21393	      24.42	   875.93
CW	Curaçao	LATIN_AMERICA	375943	     463.25	   811.53
IO	British Indian Ocean Territory	ASIA	38423	      49.06	   783.17
GB	United Kingdom of Great Britain and Northern Ireland	EUROPE	179026068	  243783.21	   734.37
SC	Seychelles	AFRICA	291768	     435.67	   669.70
CR	Costa Rica	LATIN_AMERICA	32203198	   51144.34	   629.65
CH	Switzerland	EUROPE	26030770	   41435.80	   628.22
TW	Chinese Taipei	ASIA	21854840	   36197.77	   603.76
MS	Montserrat	LATIN_AMERICA	56524	      99.60	   567.53
PN	Pitcairn	OCEANIA	24089	      42.57	   565.87
LI	Liechtenstein	EUROPE	77087	     137.25	   561.65
VG	Virgin Islands (British)	LATIN_AMERICA	79915	     144.94	   551.36
TV	Tuvalu	OCEANIA	12076	      23.02	   524.62
PW	Palau	OCEANIA	233965	     491.93	   475.60
HM	Heard Island and McDonald Islands	ANTARCTICA	187124	     394.86	   473.90
GD	Grenada	LATIN_AMERICA	163401	     347.26	   470.54
MP	Northern Mariana Islands	OCEANIA	265647	     579.30	   458.56
MC	Monaco	EUROPE	7786	      18.84	   413.28
BB	Barbados	LATIN_AMERICA	180524	     444.22	   406.38
CK	Cook Islands	OCEANIA	73122	     191.13	   382.57
AD	Andorra	EUROPE	172984	     452.25	   382.50
NU	Niue	OCEANIA	84317	     220.57	   382.27
WF	Wallis and Futuna	OCEANIA	52518	     139.33	   376.93
IL	Israel	EUROPE	7194246	   21900.93	   328.49
PR	Puerto Rico	LATIN_AMERICA	2947774	    9005.98	   327.31
SE	Sweden	EUROPE	142602582	  446178.44	   319.61
GU	Guam	OCEANIA	177324	     564.20	   314.29
FR	France	EUROPE	194679715	  636758.53	   305.74
BZ	Belize	LATIN_AMERICA	6748667	   22299.42	   302.64
PM	Saint Pierre and Miquelon	NORTH_AMERICA	73392	     242.75	   302.34
MT	Malta	EUROPE	96776	     325.69	   297.14
FM	Micronesia (Federated States of)	OCEANIA	177966	     633.85	   280.77
TO	Tonga	OCEANIA	163170	     603.11	   270.55
TT	Trinidad and Tobago	LATIN_AMERICA	1235649	    5122.93	   241.20
FO	Faroe Islands	EUROPE	316556	    1328.52	   238.28
VC	Saint Vincent and the Grenadines	LATIN_AMERICA	75407	     367.73	   205.06
AG	Antigua and Barbuda	LATIN_AMERICA	92133	     451.48	   204.07
NR	Nauru	OCEANIA	5461	      28.77	   189.84
KI	Kiribati	OCEANIA	178209	     949.86	   187.62
PF	French Polynesia	OCEANIA	622678	    3336.55	   186.62
KN	Saint Kitts and Nevis	LATIN_AMERICA	48917	     264.13	   185.20
EE	Estonia	EUROPE	8209100	   45819.04	   179.16
DE	Germany	EUROPE	62703202	  357673.82	   175.31
TC	Turks and Caicos Islands	LATIN_AMERICA	77098	     445.22	   173.17
DM	Dominica	LATIN_AMERICA	124945	     730.31	   171.08
LC	Saint Lucia	LATIN_AMERICA	101198	     605.13	   167.23
AT	Austria	EUROPE	13016091	   83993.20	   154.97
ES	Spain	EUROPE	75733649	  506884.12	   149.41
FI	Finland	EUROPE	46899651	  333059.06	   140.81
NO	Norway	EUROPE	53716189	  382066.56	   140.59
SH	Saint Helena, Ascension and Tristan da Cunha	AFRICA	48859	     366.66	   133.25
ST	Sao Tome and Principe	AFRICA	127459	    1037.16	   122.89
US	United States of America	NORTH_AMERICA	1091964964	 9464330.07	   115.38
PA	Panama	LATIN_AMERICA	8311710	   74530.31	   111.52
CY	Cyprus	EUROPE	562382	    5395.02	   104.24
GS	South Georgia and the South Sandwich Islands	ANTARCTICA	350162	    3921.48	    89.29
BS	Bahamas	LATIN_AMERICA	1106899	   12592.70	    87.90
JM	Jamaica	LATIN_AMERICA	960099	   11032.90	    87.02
KR	Korea, Republic of	ASIA	7837019	   98544.43	    79.53
PG	Papua New Guinea	OCEANIA	2299574	   29367.93	    78.30
MU	Mauritius	AFRICA	154005	    2014.44	    76.45
IE	Ireland	EUROPE	5142679	   69445.01	    74.05
GM	Gambia	AFRICA	715330	   10500.90	    68.12
SV	El Salvador	LATIN_AMERICA	1306215	   20539.23	    63.60
NZ	New Zealand	OCEANIA	15430568	  268494.58	    57.47
CZ	Czechia	EUROPE	4458187	   78758.86	    56.61
NC	New Caledonia	OCEANIA	1035783	   18841.03	    54.97
SM	San Marino	EUROPE	3230	      60.32	    53.55
PL	Poland	EUROPE	15827663	  313430.77	    50.50
EC	Ecuador	LATIN_AMERICA	12244810	  255014.21	    48.02
SI	Slovenia	EUROPE	944830	   20327.28	    46.48
CV	Cabo Verde	AFRICA	176868	    3883.14	    45.55
GT	Guatemala	LATIN_AMERICA	4887852	  108811.25	    44.92
BH	Bahrain	ASIA	26251	     584.94	    44.88
SK	Slovakia	EUROPE	1863951	   48457.79	    38.47
JP	Japan	ASIA	13540890	  373508.03	    36.25
LK	Sri Lanka	ASIA	2351205	   66291.18	    35.47
TF	French Southern Territories	ANTARCTICA	256149	    7279.99	    35.19
ZA	South Africa	AFRICA	39236522	 1219826.73	    32.17
HN	Honduras	LATIN_AMERICA	3584825	  112236.73	    31.94
WS	Samoa	OCEANIA	85095	    2780.41	    30.61
KM	Comoros	AFRICA	49669	    1672.23	    29.70
CO	Colombia	LATIN_AMERICA	33358907	 1135117.88	    29.39
AE	United Arab Emirates	ASIA	1977358	   71084.64	    27.82
IT	Italy	EUROPE	7896089	  301185.07	    26.22
GR	Greece	EUROPE	3340162	  131353.44	    25.43
FK	Falkland Islands (Malvinas)	LATIN_AMERICA	259385	   11597.22	    22.37
SZ	Eswatini	AFRICA	380548	   17111.85	    22.24
FJ	Fiji	OCEANIA	413599	   18930.08	    21.85
IS	Iceland	EUROPE	2231440	  102390.07	    21.79
HU	Hungary	EUROPE	1996441	   93200.95	    21.42
HR	Croatia	EUROPE	1137382	   55077.44	    20.65
DO	Dominican Republic	LATIN_AMERICA	960505	   48439.79	    19.83
CU	Cuba	LATIN_AMERICA	2162982	  109929.18	    19.68
LB	Lebanon	ASIA	193057	   10000.01	    19.31
LT	Lithuania	EUROPE	1253330	   64939.30	    19.30
KW	Kuwait	ASIA	319350	   17474.02	    18.28
CA	Canada	NORTH_AMERICA	180628253	 9945527.76	    18.16
GE	Georgia	EUROPE	1248254	   69570.73	    17.94
AU	Australia	OCEANIA	137564589	 7691175.09	    17.89
MX	Mexico	LATIN_AMERICA	34764313	 1957847.06	    17.76
BG	Bulgaria	EUROPE	1929531	  112760.69	    17.11
VU	Vanuatu	OCEANIA	206282	   12296.60	    16.78
NI	Nicaragua	LATIN_AMERICA	2146152	  128691.43	    16.68
IN	India	ASIA	52029451	 3151452.49	    16.51
RW	Rwanda	AFRICA	414939	   25305.05	    16.40
CL	Chile	LATIN_AMERICA	11247639	  736592.75	    15.27
BT	Bhutan	ASIA	597406	   40365.36	    14.80
QA	Qatar	ASIA	144751	   11150.11	    12.98
BN	Brunei Darussalam	ASIA	73012	    5716.69	    12.77
TH	Thailand	ASIA	6569194	  514453.68	    12.77
MY	Malaysia	ASIA	3950552	  327884.89	    12.05
RS	Serbia	EUROPE	855610	   77573.60	    11.03
ME	Montenegro	EUROPE	151014	   13727.50	    11.00
SB	Solomon Islands	OCEANIA	289843	   27198.79	    10.66
HT	Haiti	LATIN_AMERICA	286485	   26891.57	    10.65
PH	Philippines	ASIA	2995196	  293237.49	    10.21
NP	Nepal	ASIA	1482831	  147105.49	    10.08
LV	Latvia	EUROPE	643413	   64576.40	     9.96
UY	Uruguay	LATIN_AMERICA	1763176	  177345.13	     9.94
UG	Uganda	AFRICA	2375454	  241853.63	     9.82
BJ	Benin	AFRICA	1139661	  116113.31	     9.82
AM	Armenia	EUROPE	252783	   29588.31	     8.54
KE	Kenya	AFRICA	4644308	  585702.58	     7.93
PE	Peru	LATIN_AMERICA	9669747	 1289866.40	     7.50
TL	Timor-Leste	ASIA	93458	   15082.24	     6.20
UA	Ukraine	EUROPE	3290398	  571998.58	     5.75
AR	Argentina	LATIN_AMERICA	15318996	 2784305.92	     5.50
KH	Cambodia	ASIA	987380	  181059.61	     5.45
MK	North Macedonia	EUROPE	135590	   25385.27	     5.34
GQ	Equatorial Guinea	AFRICA	139225	   26671.69	     5.22
VE	Venezuela (Bolivarian Republic of)	LATIN_AMERICA	4755369	  912684.40	     5.21
BD	Bangladesh	ASIA	701764	  136903.68	     5.13
RO	Romania	EUROPE	1184865	  236376.66	     5.01
TR	Türkiye	EUROPE	3766670	  780079.65	     4.83
GY	Guyana	LATIN_AMERICA	999388	  211213.70	     4.73
AL	Albania	EUROPE	131904	   28335.85	     4.66
BI	Burundi	AFRICA	123409	   27041.27	     4.56
SR	Suriname	LATIN_AMERICA	645003	  145123.53	     4.44
LS	Lesotho	AFRICA	132335	   30106.52	     4.40
GH	Ghana	AFRICA	1048999	  238668.68	     4.40
BR	Brazil	LATIN_AMERICA	35660744	 8472669.68	     4.21
PY	Paraguay	LATIN_AMERICA	1651627	  399901.05	     4.13
MD	Moldova, Republic of	EUROPE	135519	   33206.48	     4.08
MG	Madagascar	AFRICA	2390157	  592983.88	     4.03
SN	Senegal	AFRICA	766643	  196224.30	     3.91
MW	Malawi	AFRICA	455556	  119397.77	     3.82
ZW	Zimbabwe	AFRICA	1456432	  389337.48	     3.74
AZ	Azerbaijan	EUROPE	306046	   86249.80	     3.55
GA	Gabon	AFRICA	846535	  259968.48	     3.26
TZ	Tanzania, United Republic of	AFRICA	3016612	  941505.99	     3.20
VN	Viet Nam	ASIA	1052790	  328892.12	     3.20
MA	Morocco	AFRICA	1690435	  591745.25	     2.86
GW	Guinea-Bissau	AFRICA	89506	   32829.63	     2.73
BY	Belarus	EUROPE	547367	  207499.13	     2.64
TG	Togo	AFRICA	141873	   56863.48	     2.49
LR	Liberia	AFRICA	229121	   95298.15	     2.40
BO	Bolivia (Plurinational State of)	LATIN_AMERICA	2601542	 1086810.65	     2.39
ID	Indonesia	ASIA	4421185	 1879827.37	     2.35
CM	Cameroon	AFRICA	994516	  464319.28	     2.14
SL	Sierra Leone	AFRICA	147876	   71611.71	     2.06
SY	Syrian Arab Republic	ASIA	367030	  185939.05	     1.97
BW	Botswana	AFRICA	1124002	  579029.20	     1.94
BA	Bosnia and Herzegovina	EUROPE	99699	   51826.54	     1.92
CI	Côte d’Ivoire	AFRICA	606989	  320677.16	     1.89
JO	Jordan	ASIA	165855	   88863.05	     1.87
OM	Oman	ASIA	555512	  311213.45	     1.78
TN	Tunisia	AFRICA	268655	  156611.69	     1.72
DJ	Djibouti	AFRICA	36632	   21847.61	     1.68
LA	Lao People’s Democratic Republic	ASIA	325135	  228113.97	     1.43
ZM	Zambia	AFRICA	1020150	  751914.94	     1.36
NG	Nigeria	AFRICA	1158701	  907501.08	     1.28
CN	China	ASIA	11504931	 9374591.22	     1.23
KG	Kyrgyzstan	EUROPE	237979	  198990.46	     1.20
AF	Afghanistan	ASIA	740894	  642181.62	     1.15
GN	Guinea	AFRICA	280257	  244301.98	     1.15
MZ	Mozambique	AFRICA	880403	  788448.54	     1.12
ET	Ethiopia	AFRICA	1149836	 1127375.98	     1.02
BF	Burkina Faso	AFRICA	270935	  272769.40	     0.99
TJ	Tajikistan	EUROPE	132557	  142238.26	     0.93
RU	Russian Federation	EUROPE	15411321	16980199.62	     0.91
PK	Pakistan	ASIA	730575	  872939.29	     0.84
EG	Egypt	AFRICA	691107	 1001078.55	     0.69
IR	Iran (Islamic Republic of)	ASIA	1107926	 1622510.19	     0.68
MM	Myanmar	ASIA	443619	  663159.30	     0.67
KP	Korea (Democratic People’s Republic of)	ASIA	78565	  122379.40	     0.64
CD	Congo, Democratic Republic of the	AFRICA	1367901	 2325240.42	     0.59
MN	Mongolia	ASIA	731412	 1564648.99	     0.47
CG	Congo	AFRICA	160033	  344888.68	     0.46
UZ	Uzbekistan	EUROPE	165227	  447830.16	     0.37
IQ	Iraq	ASIA	150790	  437366.98	     0.34
GL	Greenland	NORTH_AMERICA	702240	 2154380.79	     0.33
YE	Yemen	ASIA	144621	  453075.76	     0.32
AO	Angola	AFRICA	381514	 1244654.31	     0.31
SA	Saudi Arabia	ASIA	555275	 1921725.38	     0.29
ER	Eritrea	AFRICA	33529	  122537.74	     0.27
AQ	Antarctica	ANTARCTICA	3099876	12358174.39	     0.25
CF	Central African Republic	AFRICA	139302	  617984.24	     0.23
KZ	Kazakhstan	EUROPE	553068	 2714263.37	     0.20
SO	Somalia	AFRICA	89782	  471815.00	     0.19
DZ	Algeria	AFRICA	436887	 2308857.82	     0.19
MR	Mauritania	AFRICA	188927	 1036391.82	     0.18
ML	Mali	AFRICA	198662	 1252723.66	     0.16
TM	Turkmenistan	EUROPE	53728	  470850.40	     0.11
SD	Sudan	AFRICA	186615	 1857637.07	     0.10
NE	Niger	AFRICA	111561	 1181300.89	     0.09
TD	Chad	AFRICA	83028	 1266282.34	     0.07
LY	Libya	AFRICA	69049	 1623760.90	     0.04
